id,section,pdf_pages,archive_entry,url_entry,title,original_pages,multi,duplicate,status,source_url,notes
ARCH-041,ARCHIVE,83-84,041,,The System Design Topic Map,162-163,YES,NO,COMPLETED,,visual:83; study:041 complete; map treated as completeness prompt not backlog; fit-audit:RETRO-001-060
ARCH-042,ARCHIVE,85-86,042,,How Transformers Architecture Works?,164-165,YES,NO,COMPLETED,,visual:85; study:042 complete; canonical encoder-decoder diagram qualified against modern variants; fit-audit:RETRO-001-060
ARCH-043,ARCHIVE,87-88,043,,JWT Simply Explained,166-167,YES,NO,COMPLETED,,visual:87; study:043 complete; overlaps prior JWT/auth occurrences; fit-audit:RETRO-001-060
ARCH-044,ARCHIVE,89-90,044,,The 5 Pillars of API Design,168-169,YES,NO,COMPLETED,,visual:89; study:044 complete; SquiFlow-specific idempotency/concurrency/authority additions recorded; fit-audit:RETRO-001-060
ARCH-045,ARCHIVE,91-92,045,,How does HTTPS work?,176-177,YES,NO,COMPLETED,,visual:91; study:045 complete; modern TLS 1.3 handshake caveat recorded; fit-audit:RETRO-001-060
ARCH-046,ARCHIVE,93-94,046,,Top 6 most commonly used Server Types,180-181,YES,NO,COMPLETED,,visual:93; study:046 complete; server roles not deployment prescriptions; fit-audit:RETRO-001-060
ARCH-047,ARCHIVE,95-96,047,,Amazon Key Architecture with Third Party Integration,182-183,YES,NO,COMPLETED,,visual:95; study:047 complete; IoT/partner case study deferred for current scope; fit-audit:RETRO-001-060
ARCH-048,ARCHIVE,97-98,048,,How Do Companies Ship Code to Production?,184-185,YES,NO,COMPLETED,,visual:97; study:048 complete; tool names treated as examples, immutable-artifact/recovery controls retained; fit-audit:RETRO-001-060
ARCH-049,ARCHIVE,99-100,049,,What is Event Sourcing? How is it different from normal CRUD design?,186-187,YES,NO,COMPLETED,,visual:99; study:049 complete; event sourcing rejected as baseline; outbox distinction recorded; fit-audit:RETRO-001-060 clarifies positive domain-specific fit remains possible
ARCH-050,ARCHIVE,101-102,050,,How Data Lake Architecture Works?,188-189,YES,NO,COMPLETED,,visual:101; study:050 complete; data lake rejected as baseline; backup/object-store distinction recorded; fit-audit:RETRO-001-060 clarifies future analytics/ML fit remains possible
ARCH-051,ARCHIVE,103-104,051,,How SQL Query Executes In A Database?,202-203,YES,NO,COMPLETED,,visual:103; study:051 complete; provider-specific parse/bind/plan/lock/buffer caveats recorded; fit-audit:RETRO-001-060
ARCH-052,ARCHIVE,105-106,052,,How RabbitMQ Works?,206-207,YES,NO,COMPLETED,,visual:105; study:052 complete; broker deferred; confirms ACK redelivery backpressure and poison handling added; fit-audit:RETRO-001-060 clarifies positive broker-fit triggers
ARCH-053,ARCHIVE,107-108,053,,A Cheatsheet on Kubernetes,210-211,YES,NO,COMPLETED,,visual:107; study:053 complete; Kubernetes remains non-baseline; PV/HPA/single-node HA caveats recorded; fit-audit:RETRO-001-060 clarifies positive orchestration-fit triggers
ARCH-054,ARCHIVE,109-110,054,,6 Data Structures to Save Storage,212-213,YES,NO,COMPLETED,,visual:109; study:054 complete; approximate structures barred from exact authority; fit-audit:RETRO-001-060
ARCH-055,ARCHIVE,111-112,055,,5 Database Normal Forms Every Developer Should Know,214-215,YES,NO,COMPLETED,,visual:111; study:055 complete; normalized authority with derived denormalization contract retained; fit-audit:RETRO-001-060
ARCH-056,ARCHIVE,113-114,056,,How CQRS Works?,218-219,YES,NO,COMPLETED,,visual:113; study:056 complete; command/query separation kept without dual-store/event-sourcing requirement; fit-audit:RETRO-001-060 clarifies scaled CQRS topology remains a workload-specific candidate
ARCH-057,ARCHIVE,115-116,057,,24 Good Resources to Learn Software Architecture in 2025,224-225,YES,ARCH-DUP-01,COMPLETED,,visual:115; study:057 complete; duplicate occurrence independently inspected; no semantic delta from 014; 090 remains pending; fit-audit:RETRO-001-060
ARCH-058,ARCHIVE,117-118,058,,Database Index Types Every Developer Should Know,226-227,YES,NO,COMPLETED,,visual:117; study:058 complete; DBMS-specific clustering/index terminology qualified; fit-audit:RETRO-001-060
ARCH-059,ARCHIVE,119-120,059,,Top 5 common ways to improve API performance,232-233,YES,ARCH-DUP-02,COMPLETED,,visual:119; study:059 complete; duplicate occurrence independently inspected; pagination streaming caveat retained; fit-audit:RETRO-001-060
ARCH-060,ARCHIVE,121-122,060,,REST API Vs. GraphQL,234-235,YES,NO,COMPLETED,,visual:121; study:060 complete; comparison reinterpreted by approved fit-for-purpose rule; REST/task HTTP and GraphQL may coexist on different SquiFlow surfaces; GraphQL candidate read-composition strengths and server-side costs both recorded; fit-audit:RETRO-001-060
ARCH-061,ARCHIVE,123-124,061,,Tokens vs API Keys,236-237,YES,NO,COMPLETED,,visual:123; study:061 complete; token/API-key fit analyzed by principal and credential lifecycle; OIDC remains interactive identity; API keys positive future integration candidate
ARCH-062,ARCHIVE,125-126,062,,5 Data Structures That Make DB Queries Super Fast,240-241,YES,NO,COMPLETED,,visual:125; study:062 complete; B-tree B+ hash bitmap inverted structures reviewed; provider-specific semantics and write cost qualified
ARCH-063,ARCHIVE,127-128,063,,How can Cache Systems go wrong?,246-247,YES,NO,COMPLETED,,visual:127; study:063 complete; herd penetration breakdown crash reviewed; cache remains non-authoritative; repopulation/outage contract retained
ARCH-064,ARCHIVE,129-130,064,,8 System Design Concepts Explained in 1 Diagram,248-249,YES,NO,COMPLETED,,visual:129; study:064 complete; NFR pairings treated as illustrative not one-tech guarantees; accepted SquiFlow NFR model confirmed
ARCH-065,ARCHIVE,131-132,065,,16 Coding Patterns That Make Interviews Easy,250-251,YES,NO,COMPLETED,,visual:131; study:065 complete; 16 algorithm/data-structure patterns inspected; no architecture dependency
ARCH-066,ARCHIVE,133-134,066,,What is the SOLID Principle?,260-261,YES,NO,COMPLETED,,visual:133; study:066 complete; SOLID applied without interface/class ceremony; URL014 remains independent
ARCH-067,ARCHIVE,135-136,067,,Common HTTP Status Codes,262-263,YES,NO,COMPLETED,,visual:135; study:067 complete; HTTP classes + visual code list inspected; SquiFlow status/failure/retry mapping confirmed
ARCH-068,ARCHIVE,137,068,,How Clean Architecture Works?,264,NO,NO,COMPLETED,,visual:137; study:068 complete; inward dependency rule kept; literal ring/project/service ceremony rejected
ARCH-069,ARCHIVE,138-139,069,,How Does SSO Work?,268-269,YES,NO,COMPLETED,,visual:138; study:069 complete; IdP session + per-SP token validation flow reviewed; ZITADEL/OIDC current fit confirmed
ARCH-070,ARCHIVE,140-141,070,,Best Practices in API Design,270-271,YES,NO,COMPLETED,,visual:140; study:070 complete; naming idempotency pagination sorting/filtering references limiting versioning security reviewed; existing API contract stronger
ARCH-071,ARCHIVE,142-143,071,,Key Terms in Domain-Driven Design,272-273,YES,NO,NOT STARTED,,visual:142
ARCH-072,ARCHIVE,144-145,072,,The Modern Software Stack,278-279,YES,NO,NOT STARTED,,visual:144
ARCH-073,ARCHIVE,146-147,073,,Concurrency is NOT Parallelism,280-281,YES,NO,NOT STARTED,,visual:146
ARCH-074,ARCHIVE,148-149,074,,JWT vs PASETO: The Two Players of Token-Based Authentication,282-283,YES,NO,NOT STARTED,,visual:148
ARCH-075,ARCHIVE,150-151,075,,The Lifecycle of a Kubernetes Pod,288-289,YES,NO,NOT STARTED,,visual:150
ARCH-076,ARCHIVE,152,076,,CI/CD Pipeline Explained,290,NO,NO,NOT STARTED,,visual:152
ARCH-077,ARCHIVE,153,077,,What are some of the most popular versioning strategies?,293,NO,NO,NOT STARTED,,visual:153
ARCH-078,ARCHIVE,154,078,,The Testing Pyramid,294,NO,NO,NOT STARTED,,visual:154
ARCH-079,ARCHIVE,155-156,079,,9 Docker Best Practices You Should Know,295-296,YES,NO,NOT STARTED,,visual:155
ARCH-080,ARCHIVE,157-158,080,,Where Do We Cache Data?,301-302,YES,NO,NOT STARTED,,visual:157
